{
  "schemaVersion": 1,
  "id": "morphmod",
  "version": "${modVersion}",
  "name": "MorphMod (Prototype)",
  "description": "Prototype morph system: open menu with Z to choose a mob to morph into (client-side prototype).",
  "authors": [
    "Generated by ChatGPT"
  ],
  "contact": {},
  "license": "MIT",
  "environment": "*",
  "entrypoints": {
    "client": [
      "com.example.morphmod.MorphClient"
    ]
  },
  "depends": {
    "fabricloader": ">=0.14.0",
    "fabric": "*",
    "fabric-api": ">=0.102.1+1.21.1",
    "fabric-key-binding-api-v1": "*"
  }
}